<?xml version="1.0" encoding="utf-8"?>
<browserconfig><msapplication><tile><square70x70logo src="{{urlToFavicons}}/mstile-70x70.png"/><square150x150logo src="{{urlToFavicons}}/mstile-150x150.png"/><square310x310logo src="{{urlToFavicons}}/mstile-310x310.png"/><TileColor>#ffffff</TileColor></tile></msapplication></browserconfig>
<?xml version="1.0" encoding="utf-8"?>
<browserconfig><msapplication><tile><square70x70logo src="{{urlToFavicons}}/ms-icon-70x70.png"/><square150x150logo src="{{urlToFavicons}}/ms-icon-150x150.png"/><square310x310logo src="{{urlToFavicons}}/ms-icon-310x310.png"/><TileColor>#ffffff</TileColor></tile></msapplication></browserconfig>
