<?xml version="1.0" encoding="utf-8"?>
<browserconfig><msapplication><tile><square70x70logo src="/media/templates/site/astroid_template_one_koerperundraumberlin/images/favicons/mstile-70x70.png"/><square150x150logo src="/media/templates/site/astroid_template_one_koerperundraumberlin/images/favicons/mstile-150x150.png"/><square310x310logo src="/media/templates/site/astroid_template_one_koerperundraumberlin/images/favicons/mstile-310x310.png"/><TileColor>#ffffff</TileColor></tile></msapplication></browserconfig>
<?xml version="1.0" encoding="utf-8"?>
<browserconfig><msapplication><tile><square70x70logo src="/media/templates/site/astroid_template_one_koerperundraumberlin/images/favicons/ms-icon-70x70.png"/><square150x150logo src="/media/templates/site/astroid_template_one_koerperundraumberlin/images/favicons/ms-icon-150x150.png"/><square310x310logo src="/media/templates/site/astroid_template_one_koerperundraumberlin/images/favicons/ms-icon-310x310.png"/><TileColor>#ffffff</TileColor></tile></msapplication></browserconfig>
